005999,Raan,0.126591,0.13153,0.059989,0.050928,0.036913,0.01791,0.000664,0.004869,0.00442,0.001169,-0.00635,0.007071,-0.0154,-0.01643,0.025299,0.007754,-0.00805,0.001655,0.001893,0.003668,0.005148,0.003783,0.001391,0.012008,-0.00057
0060A5,Cabrai,0.127613,0.132626,0.060445,0.049468,0.037289,0.017615,0.001488,0.005018,0.004548,0.002046,-0.00603,0.006774,-0.01489,-0.01529,0.024304,0.007056,-0.00853,0.002146,0.002261,0.003563,0.005257,0.003674,0.000354,0.01236,-0.00046
0068B2,Egercian,0.122445,0.109899,0.05597,0.050827,0.026048,0.01803,0.000616,0.004308,-0.0001,-0.00364,-0.0065,0.005514,-0.01326,-0.01732,0.024002,0.007939,-0.00767,0.001262,0.001394,0.003198,0.002541,0.003689,0.001068,0.010718,-0.00039
004A7F,Ophere,0.131466,0.134232,0.062265,0.047043,0.039106,0.017281,0.00355,0.005176,0.003572,0.002825,-0.00561,0.005047,-0.01168,-0.01197,0.023024,0.003125,-0.01126,0.002774,0.00255,0.001452,0.004225,0.003308,-0.00066,0.013556,-0.00077
0077CC,Celrapani,0.126344,0.117801,0.072784,0.065246,0.0397,0.0251,-0.00353,0.007615,0.013499,-0.00328,-0.00796,0.004346,-0.00996,-0.00674,0.022394,0.01127,0.000913,-0.00215,0.002388,0.016508,0.006988,-0.00087,-0.00407,0.004338,0.000359
73739C,Sylan,0.131978,0.138163,0.060132,0.043024,0.040592,0.016622,0.003314,0.006392,0.006279,0.004337,-0.00423,0.005912,-0.01291,-0.01098,0.020596,0.005708,-0.0087,0.002356,0.003086,0.002007,0.004985,0.003852,-1.20E-05,0.011224,0.000808
404078,Comere,0.132598,0.13825,0.059416,0.042889,0.040679,0.016032,0.002808,0.006168,0.006565,0.004492,-0.00396,0.006507,-0.01248,-0.01176,0.020136,0.005972,-0.00829,0.00223,0.002527,0.001855,0.004224,0.003868,0.000539,0.011062,0.00099
008C07,Kroman,0.131772,0.1371,0.061706,0.043983,0.039234,0.016676,0.004972,0.005721,0.005316,0.005716,-0.00468,0.005556,-0.01266,-0.01043,0.020624,0.003591,-0.01041,0.004114,0.003726,0.002962,0.006013,0.003381,-0.00329,0.01388,8.45E-05
007F06,Dioscan,0.130723,0.135989,0.061391,0.045354,0.038748,0.016905,0.0041,0.005546,0.005128,0.004802,-0.00502,0.005854,-0.01322,-0.01165,0.021547,0.004457,-0.00994,0.003619,0.003364,0.00311,0.005825,0.003449,-0.00238,0.013509,-4.57E-05
007205,Grestinian,0.131949,0.136954,0.06171,0.043985,0.039225,0.016788,0.004975,0.005705,0.005238,0.005637,-0.00473,0.005689,-0.01257,-0.0104,0.020558,0.003583,-0.01047,0.004161,0.003639,0.003019,0.005993,0.003485,-0.0033,0.013694,-5.95E-05
006603,Grestine,0.131756,0.137133,0.061834,0.043992,0.0392,0.016795,0.004903,0.005706,0.005305,0.005618,-0.00481,0.005601,-0.01252,-0.01044,0.020696,0.00351,-0.01043,0.004182,0.003673,0.003002,0.005978,0.003349,-0.00329,0.013817,5.31E-05
00960F,Zapodan,0.131845,0.137033,0.061798,0.044013,0.03923,0.016748,0.004985,0.005745,0.005264,0.005678,-0.00477,0.005616,-0.01259,-0.01035,0.020615,0.003552,-0.01037,0.004094,0.003685,0.002962,0.005937,0.003404,-0.00327,0.013794,3.10E+00
007F0E,Halcian,0.131855,0.137043,0.061788,0.044013,0.03923,0.016748,0.004985,0.005745,0.005264,0.005678,-0.00477,0.005616,-0.01259,-0.01035,0.020615,0.003552,-0.01037,0.004094,0.003685,0.002962,0.005937,0.003404,-0.00327,0.013794,3.10E+00
003380,Vocavian,0.132319,0.133542,0.058359,0.045382,0.03893,0.015478,0.003936,0.004385,0.008283,-0.00055,-0.00471,0.004272,-0.00483,-0.00117,0.019815,-0.00305,-0.01565,0.001647,0.004399,0.002752,0.005677,0.006955,-0.00139,0.008646,-0.00664
00388C,Eurekan,0.131722,0.130194,0.059028,0.049524,0.035172,0.017318,0.004723,0.006192,0.004172,-0.00672,-0.00487,0.001164,-0.00233,0.002871,0.015316,-0.00227,-0.01398,0.001129,0.005189,0.003799,0.004968,0.006481,-0.00117,0.006513,-0.00568
002359,Elys-Wester,0.130328,0.131003,0.047706,0.0323,0.036622,0.011714,0.005288,0.000693,0.005522,0.002187,-0.00227,0.009142,-0.00357,-0.00454,0.016965,-0.00451,-0.009,0.00076,-0.00151,0.00025,0.003494,0.002288,0.002034,0.008134,-0.00706
002866,Wester,0.128884,0.132591,0.053988,0.038188,0.038733,0.014055,0.005345,0.003978,0.004866,0.002055,-0.00395,0.006785,-0.00671,-0.00661,0.017398,0.000558,-0.00776,0.001254,0.0012,0.001533,0.003987,0.002836,0.001014,0.011013,-0.00386
CC5100,Vienan,0.128136,0.13611,0.058541,0.040265,0.040082,0.015717,0.004881,0.00675,0.004988,0.003402,-0.00544,0.004645,-0.01029,-0.00778,0.016919,0.003734,-0.00781,0.001614,0.003485,0.001906,0.004202,0.003126,0.000174,0.012146,-0.00028
CE4F00,Koer,0.123976,0.132755,0.057916,0.042556,0.039708,0.015977,0.004926,0.007029,0.004949,0.002903,-0.0052,0.004382,-0.00954,-0.00825,0.016736,0.004871,-0.0062,0.002189,0.003516,0.003167,0.004135,0.003015,0.000134,0.01274,-0.00036
E55B00,Strelkan,0.127441,0.134179,0.060271,0.044076,0.040844,0.016397,0.005402,0.007263,0.004209,0.001924,-0.00564,0.004427,-0.00985,-0.00868,0.01783,0.005623,-0.00652,0.001748,0.003909,0.002816,0.00448,0.003385,-5.00E-06,0.013892,-0.00066
697F70,Neu-Kardan,0.128655,0.137272,0.056182,0.038084,0.038676,0.015084,0.004159,0.00544,0.004035,-0.0002,-0.0031,0.001175,-0.00362,0.001818,0.004356,0.001878,-0.00192,0.001713,0.003136,0.00066,-0.00025,0.001384,0.001808,0.006775,-3.50E-06
728E7C,Kardanian,0.124155,0.1373,0.050633,0.030225,0.037341,0.011713,0.002495,0.005259,0.005159,0.007361,-0.00396,0.003722,-0.0086,-0.00385,0.006866,0.005094,-0.00198,0.001533,0.002683,-0.00127,0.000375,0.001818,2.77E-05,0.006352,0.00034
92B29D,Arkeri,0.127767,0.128972,0.06939,0.061128,0.038238,0.024821,0.002526,0.006173,0.003221,-0.00296,-0.00158,0.006557,-0.00754,-0.00581,0.018695,0.009348,-0.01268,6.33E-05,0.001383,0.00469,0.002278,0.009367,0.000616,0.017924,-0.00308
9CBFA8,Krakain,0.119742,0.137367,0.045104,0.022373,0.036089,0.00833,0.000768,0.005077,0.006218,0.014834,-0.0048,0.006234,-0.0135,-0.0096,0.009302,0.008371,-0.00213,0.001267,0.002254,-0.00314,0.001065,0.002275,-0.00177,0.006001,0.000679
5C7264,Kombine,0.121949,0.137334,0.047869,0.026299,0.036715,0.010021,0.001632,0.005168,0.005688,0.011098,-0.00438,0.004978,-0.01105,-0.00672,0.008084,0.006732,-0.00205,0.0014,0.002468,-0.00221,0.00072,0.002046,-0.00087,0.006176,0.000509
A89935,Heims,0.132261,0.125801,0.072563,0.059055,0.040247,0.020867,0.00645,0.009206,0.003611,-0.0066,-0.00412,0.000535,-0.0031,-0.00336,0.014607,0.00585,-0.00507,0.001656,0.002967,0.005083,0.006792,0.002461,0.00122,0.011521,0.000199
B5A439,Rathe,0.132193,0.125885,0.072642,0.058972,0.040264,0.02079,0.00638,0.009294,0.003649,-0.00666,-0.0042,0.000533,-0.00305,-0.00335,0.014593,0.005865,-0.00511,0.001622,0.002991,0.005015,0.006773,0.002526,0.001253,0.011594,0.000212
001ECC,Beidao,0.132698,0.133626,0.067819,0.05631,0.039366,0.022962,0.003349,0.008519,0.002642,6.10E-05,-0.00548,0.00517,-0.00637,-0.00908,0.023072,0.005293,-0.01169,0.001911,0.001739,0.003887,0.009255,0.002803,-0.00084,0.014018,0.000828
001DC4,Karedan,0.131265,0.135022,0.066341,0.052351,0.041359,0.019484,0.00509,0.007404,0.00344,-0.00253,-0.00541,0.003555,-0.00852,-0.00708,0.018706,0.006041,-0.0066,0.002121,0.003298,0.00441,0.005576,0.002475,0.000664,0.013869,0.0003
0022E5,Lothbrok,0.131314,0.135091,0.066409,0.052393,0.041307,0.019396,0.005188,0.007398,0.003415,-0.0025,-0.00529,0.003509,-0.00854,-0.007,0.018735,0.006058,-0.00656,0.001974,0.003188,0.004319,0.005633,0.002512,0.000658,0.013785,0.000294
0026FF,Azeni,0.131248,0.135065,0.066378,0.052438,0.041303,0.019457,0.005159,0.007401,0.003436,-0.00256,-0.00536,0.00348,-0.00851,-0.00709,0.018669,0.006117,-0.00652,0.002047,0.00324,0.004346,0.00564,0.002435,0.000692,0.013774,0.000201
001EC9,Albere,0.132092,0.129455,0.068051,0.054531,0.040323,0.019871,0.00416,0.006092,0.006151,-0.00229,-0.00464,0.004275,-0.00924,-0.01015,0.020253,0.006557,-0.0072,0.00331,0.002976,0.004108,0.005681,0.00409,0.000887,0.014107,-6.90E-05
B359B4,Cloweish,0.128746,0.113062,0.058663,0.088574,0.002633,0.034025,0.001306,0.00282,-0.02659,-0.03839,-0.00079,0.002714,-0.00719,-0.01101,0.0255,0.009517,-0.01344,0.002365,-0.00149,0.005502,0.004229,0.000632,0.008737,0.018557,0.001264
B65BB7,Blythe,0.126344,0.125926,0.070144,0.080104,0.048624,0.025658,0.00376,0.007615,0.011862,-0.00601,-0.00033,0.011989,0.002825,-0.01541,0.017236,0.018695,-0.00561,-0.00253,0.014707,0.013131,0.022211,0.016817,-0.00394,-0.02169,0.01149
974C99,Verbad,0.118376,0.112724,0.060716,0.088502,0.020311,0.022869,0.00188,-0.00139,-0.01779,-0.02624,-0.00633,0.001649,-0.01784,-0.02491,0.024837,0.008884,0.012647,0.014442,-0.00377,0.022886,-0.00487,-0.00346,0.01023,0.004217,0.005508
C656FF,Novale,0.131907,0.129354,0.069781,0.057641,0.040606,0.02164,0.008694,0.010816,-0.00089,-0.01859,-0.00433,-0.00642,0.013016,0.018625,-0.0071,-0.00065,0.001514,-0.00017,0.002609,0.001231,-0.00312,-0.00321,0.005519,-0.00338,-4.06E-05
B24BE5,Khechen,0.131951,0.129293,0.069807,0.057664,0.040559,0.02159,0.008648,0.010734,-0.00097,-0.01862,-0.00424,-0.00643,0.013088,0.018619,-0.0071,-0.00055,0.001537,-0.00027,0.002541,0.001182,-0.0032,-0.00327,0.005588,-0.00343,-6.45E-05
9C45CC,Belasnir,0.132044,0.127592,0.071371,0.061243,0.040461,0.023084,0.009273,0.01151,-0.00076,-0.02042,-0.00378,-0.00726,0.014959,0.021203,-0.00835,-0.00153,0.000787,-7.41E-05,0.003021,0.000512,-0.00351,-0.00367,0.006229,-0.00446,0.000163
BF0000,Kand,0.132044,0.127592,0.071371,0.061243,0.040461,0.023084,0.009273,0.01151,-0.00076,-0.02042,-0.00378,-0.00726,0.014959,0.021203,-0.00835,-0.00153,0.000787,-7.41E-05,0.003021,0.000512,-0.00351,-0.00367,0.006229,-0.00446,0.000163
D80000,Ursmun,0.1301,0.122778,0.067467,0.059335,0.039146,0.023594,0.009001,0.01253,-0.00041,-0.0214,-0.00299,-0.00929,0.014658,0.026382,-0.01212,-0.00476,-0.00266,0.000114,0.003306,-0.00179,-0.00444,-0.00592,0.005682,-0.00736,-0.00038
DB0000,Solari_Irsmun,0.128966,0.126234,0.057503,0.041723,0.034254,0.016794,0.008542,0.008789,-0.00149,-0.0126,-0.0012,-0.00557,0.009909,0.016832,-0.01132,-0.00092,0.005754,-0.00115,0.002,6.50E-05,-0.00355,-0.0036,0.004099,-0.00016,-0.00021
E50000,Irsmun,0.131385,0.127232,0.07106,0.059294,0.03715,0.023268,0.010475,0.013252,-0.00292,-0.02291,-0.00341,-0.01004,0.01476,0.024241,-0.0103,-0.00413,0.004582,-0.00063,0.003663,0.000643,-0.00784,-0.00313,0.004631,-0.00277,0.001933
660000,Arcovdonian,0.130181,0.104709,0.079656,0.069704,0.031323,0.018683,0.01043,0.006976,-0.0008,-0.02502,-0.00081,-0.00824,0.014597,0.020015,-0.01245,-0.00141,0.003772,-9.70E-05,0.000809,0.004,-0.00605,-0.00353,-0.00098,-0.00074,0.002343
720000,Arcovy,0.130897,0.105615,0.08171,0.073214,0.031596,0.019522,0.010889,0.007,-0.00116,-0.02746,-0.00043,-0.00914,0.016303,0.021882,-0.01412,-0.00172,0.004346,-0.00021,0.000545,0.00421,-0.00657,-0.00396,-0.00099,-0.00141,0.002555
7F0000,Aesori,0.130897,0.12161,0.073539,0.060886,0.036084,0.02252,0.009694,0.011711,-0.00245,-0.02401,0.000812,-0.00791,0.017282,0.024359,-0.01364,-0.00371,0.001239,0.001109,0.002828,0.003439,-0.00237,-0.00322,0.002373,-0.00503,-0.00198
990000,Newsori,0.130586,0.116786,0.071139,0.060812,0.033489,0.022413,0.009165,0.013028,-0.0048,-0.02513,-0.00179,-0.00785,0.015636,0.024709,-0.01159,-0.00344,-0.00039,-0.00119,0.002788,0.001194,-0.00376,-0.00441,0.007417,-0.0056,-0.00099
8C0000,Konigite,0.129616,0.105869,0.076603,0.067225,0.032429,0.02517,0.009312,0.012576,-0.00424,-0.02649,0.000954,-0.00965,0.016817,0.021951,-0.01016,0.001873,0.006161,-0.00021,-0.00019,0.002189,-0.00323,-0.00484,0.008704,-0.00327,-0.00231
B20000,Ravnine,0.130897,0.11577,0.071087,0.064802,0.03416,0.023113,0.010399,0.012144,-0.00325,-0.02556,-0.00181,-0.00802,0.018322,0.020678,-0.01278,0.00121,0.001614,-0.00089,0.00231,0.001282,-0.00256,-0.00402,0.005115,-0.00581,-0.00172
1E1E1E,Zeroan,0.120106,0.107565,0.015652,0.021706,-0.00398,1.14E-02,0.009662,0.002938,-0.03257,-0.02778,-1.08E-03,0.000947,-0.00046,0.007594,0.00031,-0.00636,0.001983,-0.00223,-0.00309,0.008324,0.001548,-0.00027,0.003725,-0.00156,-0.00156
2F9E00,Maryurt,0.12088,0.109664,0.015285,0.024471,-0.0043,0.014133,0.009298,0.002765,-0.03222,-0.02944,-0.00192,0.000915,-0.00095,0.005939,2.41E-05,-0.00445,0.003882,-0.00393,-0.00391,0.007781,0.000546,-0.00049,0.004467,0.000848,-0.00333
2D2D2D,Laveskan,0.126344,0.112995,0.045722,0.04647,0.01668,0.019031,0.009899,0.007881,-0.01641,-0.02732,-0.00186,-0.00396,0.009562,0.013978,-0.00696,-0.00136,0.002645,-0.00227,-0.00052,0.004236,-0.00115,-0.00242,0.00482,-0.00279,-0.00245
AD0000,Karkow,0.129075,0.134862,0.044953,0.024807,0.031206,0.009873,0.004841,0.005215,-0.00241,-0.00186,0.000422,-0.00282,0.00556,0.016239,-0.01254,0.001008,0.006676,-0.00058,0.004827,0.003026,-0.00509,-0.00344,0.007518,0.001229,-0.00163
B70000,Troak,0.128051,0.133847,0.051892,0.031493,0.035822,0.012522,0.006016,0.006738,0.001841,-0.00589,-0.00115,-0.00238,0.004727,0.012785,-0.00664,-0.0022,0.002751,-0.00072,0.00181,-0.00075,-0.00517,-0.00242,0.004425,-0.0011,0.00018
970000,Kerbian,0.127311,0.137587,0.039943,0.015698,0.032068,0.004895,0.004653,0.006411,0.000508,0.001488,-0.00138,-0.00147,0.002859,0.012297,-0.01375,-0.00177,0.00583,0.000289,0.00591,-0.00236,-0.00773,-0.001,0.00502,-0.00021,-0.00158
5F873A,Laythi,0.12475,0.134862,0.025644,0.005362,0.02462,-0.00084,0.005499,0.003046,-0.00029,0.006998,-0.00335,0.000899,0.002111,0.008643,-0.01431,-0.00223,0.007093,0.002002,0.003142,-0.0037,-0.00462,-0.00054,0.00281,-0.00248,-0.00107
83BA50,Dzeuthe,0.125205,0.141362,0.030547,0.004264,0.027328,0.005522,0.006392,0.003738,0.000286,0.003353,-3.20E-05,6.00E-05,0.002646,0.011588,-0.01574,-0.00119,0.00798,0.000659,0.004299,-0.00448,-0.01165,-0.00067,0.003993,-0.00099,-0.00034
72A346,Kardagiv,0.124978,0.138112,0.028096,0.004813,0.025974,0.002343,0.005946,0.003392,0,0.005175,-0.00169,0.00048,0.002379,0.010116,-0.01502,-0.00171,0.007537,0.00133,0.003721,-0.00409,-0.00814,-0.00061,0.003402,-0.00174,-0.0007
00335B,Felisk,0.129166,0.131856,0.052367,0.038676,0.032868,0.015016,0.008606,0.007666,-0.00087,-0.01165,-0.00244,-0.00524,0.010716,0.018621,-0.01324,0.000597,0.005607,0.000646,0.002876,-0.00073,-0.006,-0.00265,0.005669,-0.00477,0.000632
3C5970,Leiran,0.128483,0.132526,0.048705,0.032733,0.032449,0.013049,0.007057,0.0074,-0.00149,-0.00742,-0.00242,-0.00335,0.008897,0.016728,-0.01377,0.000373,0.006236,0.00121,0.003804,-0.00196,-0.0073,-0.00168,0.0058,-0.00366,-0.00054
5983A5,Stellan,0.129257,0.133075,0.052216,0.037733,0.033409,0.015584,0.007826,0.008303,-0.0012,-0.0108,-0.00373,-0.0049,0.01065,0.018676,-0.01186,-0.00232,0.003129,0.000145,0.002559,-0.00108,-0.00582,-0.00274,0.005418,-0.00465,-0.00022
74AAD9,Carthian,0.12903,0.132506,0.05018,0.035097,0.032831,0.013175,0.008493,0.008118,-0.0018,-0.00983,-0.00222,-0.0047,0.011048,0.01807,-0.01513,-0.00034,0.007323,0.000241,0.004208,-0.00125,-0.00701,-0.00278,0.006064,-0.0037,-0.00057
6B00A0,Cenovan,0.130328,0.124538,0.057368,0.052466,0.028959,0.019137,0.006242,0.007979,-0.00269,-0.0153,-0.0045,-0.00228,0.001733,0.00809,0.007854,-0.00148,-0.00983,0.000131,0.004896,0.004745,0.003357,0.004603,6.63E-06,0.003186,-0.00434
9200D6,Bravisian,0.131124,0.126846,0.059697,0.053666,0.031415,0.019158,0.005511,0.007999,6.06E-05,-0.0129,-0.00503,-0.00194,0.000168,0.006913,1.08E-02,-0.0015,-0.01232,6.12E-04,0.005978,0.004846,0.004258,0.006007,-0.00096,0.00438,-0.00472
7B0093,Marian,0.117428,0.14979,0.038529,-0.00724,0.047496,-0.00981,-0.00296,0.000731,0.029434,0.043084,-0.00395,0.010928,-0.02095,-0.01357,0.002624,0.003823,0.005596,-0.00096,-0.00221,-0.00364,0.00468,-0.00101,-0.00464,-0.00614,-0.00033
630077,Kercian,0.107729,0.147675,0.003732,-0.03372,0.021555,-0.01297,-0.00312,-0.00193,0.009148,0.025213,-0.00145,0.00527,-0.01071,-0.00644,-6.81E-05,0.002481,0.00336,6.09E-05,-0.00014,-0.00463,-0.00023,-0.00072,-0.00247,-0.00091,0.001312
8900A8,Zeouli,0.114203,0.146574,0.028095,-0.01144,0.031339,-0.00442,-0.00072,-0.00146,0.014811,0.027351,-0.0046,0.006532,-0.01391,-0.00767,0.003438,0.001172,0.001271,1.15E-03,-0.00125,-0.00341,0.001456,0.000392,-0.0038,0.002099,-0.00075
262626,Erusi,0.121411,0.153006,0.039849,-0.01475,0.053651,-0.01683,-0.00078,-0.00031,0.035383,0.054853,-0.00281,0.013338,-0.02641,-0.01532,-0.0052,0.004375,0.012734,-0.00203,-0.00038,-0.00171,0.005324,-0.00161,-0.00509,-0.01056,-0.00379
333333,Salredi,0.102014,0.148775,-0.02975,-0.06771,0.00177,-0.02315,-0.00112,-0.00562,-0.00519,0.019112,0.002192,0.002023,-0.00593,-0.00107,-0.01059,0.001691,0.008263,1.58E-05,0.003755,-0.00369,-0.00449,-0.00102,-0.00075,-0.00011,-0.00051
3F3F3F,Delrassi,0.114961,0.146575,0.018982,-0.02315,0.021337,-0.00604,0.003682,-0.00469,0.006136,0.023387,-0.00411,0.004546,-0.01234,-0.00353,-0.00357,-0.00093,0.004085,0.002196,0.00155,-0.00125,-0.00112,0.001195,-0.00341,0.005904,-0.00463
5B5B5B,Gallante,0.097888,0.144205,-0.03545,-0.06848,0.003385,-0.01813,-0.00235,0.001385,0.00859,0.017859,0.016239,-0.00075,-0.0006,0.00523,0.003664,-0.01671,-0.00665,-0.00013,-0.00666,-0.00951,-0.00711,0.00371,0.001479,-0.00699,0.00646
182747,Canstan,0.124295,0.155985,0.016367,-0.02888,0.030467,-0.00971,-0.00249,-0.00051,0.011372,0.0316,0.003443,0.005095,-0.01109,-0.00234,-0.01162,-0.00838,0.001278,0.004865,0.008975,-0.00885,-0.00409,0.003858,0.001553,0.003085,-0.00261
DB5400,Vastian,0.116187,0.14608,0.043659,0.000845,0.046944,-0.00386,-0.00034,0.002254,0.025046,0.032578,-0.00516,0.008404,-0.01588,-0.01425,0.010148,0.001071,-0.00216,-0.00139,-0.00353,-0.00313,0.00334,-0.00173,-0.00454,-0.0041,-0.0006
FF6A00,Bastian,0.113444,0.146574,0.037209,0.000269,0.041341,-0.00279,-0.00513,0.001769,0.023486,0.031314,-0.00509,0.008517,-0.01549,-0.01181,0.01045,0.003271,-0.00154,0.000106,-0.00404,-0.00557,0.004035,-0.00041,-0.00419,-0.00171,0.003133
E01137,Anthane,0.116669,0.164516,0.012445,-0.04538,0.044162,-0.02566,-0.00564,0.010038,0.027713,0.061505,-0.00041,0.001049,-0.02327,-0.01039,-0.0131,0.008221,0.011474,-0.00209,-0.0098,-0.0095,-0.00131,0.007543,-0.01122,-0.00295,0.010538
C80F2E,Anvar,0.114335,0.165836,0.01697,-0.0474,0.049532,-0.02596,-0.00531,0.00585,0.032448,0.061824,0.001892,0.005905,-0.02298,-0.01019,-0.012,0.001989,0.009518,-0.00021,-0.00351,-0.0075,-0.00011,0.00523,-0.00892,-0.00819,0.006263
AD0D2B,Buth,0.112002,0.167156,0.021496,-0.04942,0.054902,-0.02627,-0.00498,0.001662,0.037182,0.062143,0.00419,0.01076,-0.02269,-0.00999,-0.01091,-0.00424,0.007562,0.001672,0.002791,-0.0055,1.10E-03,0.002918,-0.00663,-0.01342,1.99E-03
738C7B,Nuvan,0.120897,0.088908,0.055866,0.028272,0.026764,0.008268,0.005278,0.006795,0.003317,0.003176,-0.00518,0.002044,-0.00499,-0.00142,0.006402,0.002059,-0.00277,0.001162,0.003886,0.00164,-0.00047,0.001304,-0.00101,0.00677,-0.00011
7D9987,Wardian,0.121942,0.094293,0.056033,0.029338,0.028186,0.009033,0.005155,0.006695,0.003365,0.003004,-0.00509,0.002074,-0.00503,-0.00146,0.006661,0.002144,-0.00283,0.001214,0.003847,0.001582,-9.03E-05,0.001359,-0.00086,0.006947,-9.29E-05
86A591,Bosmyth,0.119853,0.083522,0.0557,0.027207,0.025341,0.007504,0.0054,0.006895,0.00327,0.003347,-0.00528,0.002014,-0.00495,-0.00139,0.006142,0.001974,-0.00272,0.001109,3.93E-03,0.001699,-0.00085,0.001249,-0.00116,0.006593,-0.00013
E54A0D,Mecani,0.052609,-0.28969,0.029082,-0.02941,0.024202,0.010882,0.00401,0.003792,-0.0077,0.001982,-0.05146,-0.00503,0.004503,-0.00873,0.000425,-0.00112,-0.00383,0.00196,0.001126,-0.00423,0.008839,-0.00201,0.003957,0.002441,-0.0124
FF530F,Avienne,0.053067,-0.29046,0.029196,-0.02852,0.02424,0.011179,0.004679,0.00359,-0.0072,0.002689,-0.05231,-0.00566,0.003704,-0.0093,0.000961,-0.00024,-0.0032,0.002387,1.33E-03,-0.00385,0.008143,-0.00271,0.003128,0.002441,-0.01172
AD330A,Reposian,0.053201,-0.28974,0.029606,-0.02908,0.023954,0.010387,0.004371,0.00293,-0.00854,0.002865,-0.05175,-0.00473,0.004874,-0.00792,0.000195,-0.00094,-0.00374,0.001932,0.001394,-0.00409,0.008959,-0.00139,0.004511,0.002338,-0.01215
121542,Sweizen,0.032895,-0.39567,0.020786,-0.04853,0.020476,0.009282,0.004125,0.003446,-0.01052,0.001771,-0.06293,-0.00755,0.008548,-0.00792,-0.00522,-0.00218,-0.00197,0.001757,0.000771,-0.00565,0.009992,-0.00334,0.005111,-0.00034,-0.01531
15194C,Gumal,0.032497,-0.39632,0.021677,-0.04827,0.019951,0.008996,0.003337,0.0036,-0.01147,0.001028,-0.06313,-0.00812,0.008737,-0.00755,-0.00473,-0.00305,-0.0015,0.001208,0.00088,-0.00661,0.009932,-0.0041,0.006058,0.000281,-0.01482
964A18,Fuyurkian,0.033218,-0.38488,0.029612,-0.03524,-0.00199,-0.00144,-0.00902,-0.01316,-0.00712,0.003132,-0.05057,-0.00454,0.009709,-0.00786,-0.01114,-0.00379,-0.00218,0.004972,0.009068,-0.00466,0.018614,-0.01886,0.004468,0.004959,-0.0224
B2581C,Crytilian,0.033547,-0.38569,0.030266,-0.03492,-0.0016,-0.00222,-0.00959,-0.01244,-0.00583,0.003708,-0.05106,-0.0048,0.008816,-0.00746,-0.01096,-0.00424,-0.00299,0.006098,0.008324,-0.00571,0.019794,-0.01813,0.005277,0.005377,-0.02227
CC6520,Benine,0.03266,-0.38492,0.030458,-0.03506,-0.00139,-0.002,-0.00899,-0.01296,-0.00628,0.003156,-0.05045,-0.00528,0.008882,-0.00812,-0.0109,-0.00445,-0.00241,0.005732,0.008201,-0.00488,0.019293,-0.01876,0.004831,0.005134,-0.02204
1170AF,Yaghir,0.0774,-0.13811,0.043369,0.029393,-0.04832,-0.01088,0.005405,0.002077,-0.02188,-0.01932,-0.00552,-0.00315,-0.00773,-0.00055,0.006922,0.009944,-0.01865,0.006588,-0.00302,-0.02514,-0.02271,-0.01051,-0.00407,-0.01036,0.001437
0E5F91,Merlan,0.073985,-0.15639,0.031301,0.013889,-0.05293,0,0.000235,0.003231,-0.01452,-0.01768,-0.01445,-0.00315,0.00223,-0.01638,0.009908,-0.00093,-0.01343,0.001267,0.004525,0.001,-0.01497,0.000742,-0.00407,-0.00566,-0.00659
1480C9,Kyviz,0.062603,-0.15741,0.024513,0.004522,-0.05847,-0.00865,0.007755,0.010153,-0.01227,-0.01367,-0.02095,-0.0003,0.001784,-0.00344,0.007736,0.002121,-0.00861,0.003421,0.009553,-0.00188,-0.01672,-0.00124,-0.00579,-0.00277,0.006347
199FFD,Durvek,0.071709,-0.14014,0.03017,0.010336,-0.02831,0.013945,0.018801,0.005077,-0.01841,-0.01968,-0.01851,-0.00045,-0.0061,-0.02615,0.011265,0.001458,0.00326,-0.00114,0.004022,-0.00125,-0.01136,0.003833,0.001479,0.004579,-0.00826
1691E2,Sarchak,0.064879,-0.22545,0.061848,0.013889,-0.05847,-0.00641,0.011516,0.01223,-0.00818,-0.00091,-0.01819,0.003747,-5.20E-03,-0.01032,0.003257,-0.00517,-0.01043,0.000253,0.00352,9.25E-03,-0.02121,0.001978,-0.00912,-0.00639,-0.00347
2C8FC8,Surnmen,0.066331,-0.14339,0.025581,0.009415,-0.0557,-0.00591,0.007007,0.009283,-0.01316,-0.01538,-0.01969,-0.00054,0.001678,-0.0048,0.00911,0.002934,-0.00929,0.003356,0.008586,-0.0018,-0.01644,-0.00119,-0.00548,-0.0023,0.005643
2A8BBF,Ebazi,0.093824,-0.02417,0.032251,0.045769,-0.0329,0.015345,0.002308,0.003376,-0.02388,-0.02885,-0.00634,0.000283,-8.02E-05,-0.02074,0.018316,0.005476,-0.01236,0.001533,0.00141,5.50E-05,-0.01235,0.003806,-0.00075,0.001574,-0.00515
3786BE,Pugaryan,0.067435,-0.15318,0.03208,0.006265,-0.05211,-0.0088,0.007962,0.009999,-0.01097,-0.01214,-0.01865,-0.00014,0.000855,-0.00457,0.007356,0.001864,-0.00758,0.002074,0.006778,0.00022,-0.01568,-0.00115,-0.00636,-0.0019,0.003885
2F74A3,Tata,0.08943,-0.0578,0.037416,0.035347,-0.03387,0.008204,4.20E-03,0.005274,-0.01955,-0.02292,-0.00796,0.000523,-0.00055,-0.01733,0.01472,0.003897,-0.01004,0.000615,0.001037,0.001701,-0.01241,0.002841,-0.00258,0.001196,-0.00475
2B2B2B,Vagani,0.09895,-0.01268,0.033193,0.050253,-0.03552,0.018709,0.000345,0.001131,-0.02574,-0.0309,-0.00731,-0.0033,-0.00117,-0.02238,0.016653,0.008988,-0.0055,-0.00096,-0.00143,0.000533,-0.01224,0.003151,-0.00076,0.003404,0.000665
3D3D3D,Saguro,0.101075,-0.01208,0.031565,0.04803,-0.03699,0.019913,-9.40E-05,0.000323,-0.02411,-0.02763,-0.00866,0.001364,0.000461,-0.01609,0.017128,0.010302,-0.01005,-0.00609,-0.0099,6.25E-03,-0.01087,-0.00307,0.003352,0.003446,-0.00407
4C4C4C,Vanadii,0.099481,-0.01155,0.034073,0.049669,-0.03381,0.015227,-0.00055,-0.00085,-0.02594,-0.02865,-0.00783,-0.00058,0.000955,-0.01946,0.014539,0.009281,-0.00526,-0.00104,-0.00119,0.001438,-0.00951,0.002733,0.001045,0.003889,0.00079
666666,Botang,0.096029,-0.00948,0.032357,0.049311,-0.03067,0.01705,0.002538,0.003392,-0.02492,-0.03009,-0.00543,0.000664,-0.00034,-0.02123,0.01925,0.006188,-0.01224,0.001563,0.001064,-5.00E-05,-0.01206,0.004146,-0.00039,0.002378,-0.00499
727272,Rovol,0.09988,-0.01724,0.035195,0.053457,-0.03074,0.018693,0.000276,0.001454,-0.02118,-0.03075,-0.0084,-0.0027,0.000721,-0.017,0.021474,0.010256,-0.01546,0.002774,-0.00012,-0.00108,-0.01393,-0.00075,-0.00269,0.001949,-0.0007
F2CF8A,Iro_Wuster,0.101164,0.088808,-0.03418,-0.00697,-0.03737,0.005012,0.005887,-0.00498,-0.04094,-0.02541,-0.00041,0.000584,-0.0016,-0.00793,0.010713,0.003488,-0.00227,0.000124,0.000498,-0.00433,-0.00176,-0.00043,0.000329,0.002281,0.001045
E5C482,Wuster,0.097519,0.081976,-0.04078,-0.02009,-0.03672,0.001123,0.00349,-0.00358,-0.03187,-0.01725,-0.00176,0.001534,-0.00278,-0.0046,0.003422,0.004777,-0.00272,1.41E-03,0.000821,-0.00708,-0.00081,-0.00263,-0.0012,-0.00147,0.001602
FFDA91,Granas,0.09999069364389514, 0.08189325691619576, -0.030756152891935562, -0.01288948137622608, -0.03256525457545848, 0.00312207130927264, 0.0028544120097387347, -0.001820017241477112, -0.02794545661065781, -0.016591236733492918, -0.0016559618175395893, -0.00023018252596312196, -0.0020710957387981383, -0.0068234317349757274, 0.00611394016999465, 0.007273216704874876, -0.0027563576410838285, 0.0014800320925696508, 0.002431799167513406, -0.00581501230902838, -0.0016407012867569876, -0.0015145753344637588, -0.0017344529010623376, -0.00018125762599126928, 0.1576147450049029
CEAF75,Basargu,0.092165,0.064914,-0.03263,-0.00488,-0.04108,0.005646,0.002735,-0.00238,-0.02986,-0.02,-0.00125,-0.00236,0.001088,-0.00952,0.008559,0.010616,-0.00227,-6.05E-05,0.001111,-0.00658,-0.00391,-0.00129,-0.00138,-0.00205,0.002889
BFA26D,Basra,0.09243,0.062397,-0.03254,-0.00245,-0.04125,0.004222,0.002386,-0.00267,-0.02571,-0.01763,-0.00079,-0.00187,0.001509,-0.00982,0.008535,0.009031,-0.00588,0.000609,0.001947,-0.00507,-0.00379,-0.00272,-6.63E-05,-0.00117,0.002987
BFA36D,Parast,0.099470097, 0.0813853642, -0.030297754799999993, -0.0126809208, -0.032928088200000004, 0.0023493972, 0.0033057191999999996, -0.0026744230000000004, -0.028259561, -0.016022064, -0.0019470112000000003, 0.00029218999999999995, -0.001765964, -0.0069486562, 0.006395026000000001, 0.0064916850000000005, -0.0036000702, 0.0018049042000000003, 0.0019470721999999998, -0.006189219199999999, -0.0021328297999999996, -0.001261846, -0.0011652382, -0.0003260070000000002, 0.15678327320000002
A08B35,Solten,0.020488,0.131003,-0.03922,-0.14148,0.027082,-0.0753,-0.01786,-0.02585,0.102671,-0.00456,0.030042,-0.02068,0.069573,-0.00096,0.020222,0.028772,-0.01265,0.008868,-0.02112,0.04252,-0.00424,-0.0026,-0.01196,-0.00639,0.011735
DBBB48,Beag,0.03635,0.072154,-0.02345,-0.11725,0.051193,-0.06436,-0.01465,-0.01126,0.097286,0.010277,0.028368,-0.016,0.065588,0.000527,0.003804,-0.00852,-0.00704,-0.00689,-0.01299,0.016366,0.011866,-0.00189,0.005778,0.002375,-0.00696
CCAE43,Hook,0.035553,0.072741,-0.02364,-0.11645,0.051547,-0.06513,-0.01467,-0.01201,0.097923,0.011107,0.029226,-0.01598,0.065618,0.000857,0.0043,-0.00833,-0.00629,-0.00632,-0.01229,0.015811,0.011262,-0.00205,0.005021,0.001773,-0.0064
EDCD4E,Ikonic,0.037111,0.072319,-0.0229,-0.1172,0.051038,-0.0639,-0.01487,-0.01187,0.096405,0.010917,0.028662,-0.01594,0.065522,0.000535,0.003379,-0.00792,-0.00663,-0.00608,-0.01361,0.01611,0.011311,-0.00174,0.006314,0.002313,-0.00774
DBBF46,Gagrilite,0.037562,0.155376,-0.02338,-0.13728,0.043085,-0.08339,-0.01786,-0.01292,0.124555,0.015672,0.030042,-0.02038,0.082209,0,0.003257,-0.01286,-0.00887,-0.01052,-0.01722,0.021385,0.015348,0.001855,0.008504,0.003735,0
CCB014,Valenian,0.007635,-0.43236,-0.04748,-0.0594,0.137143,0.04825,-0.00402,-0.01305,-0.02268,-0.01994,0.039116,0.004026,-0.0042,0.002326,0.01329,0.0102,-0.00249,0.007383,0.005639,-0.01275,0.002031,-0.02541,-0.00214,-0.00532,-0.05367
B29711,Zimori,0.007607,-0.43234,-0.04745,-0.05933,0.137087,0.048255,-0.00407,-0.01309,-0.02269,-0.02,0.03912,0.004017,-0.00429,0.002356,0.013354,0.010177,-0.00247,0.00746,0.005585,-0.01271,0.002024,-0.02549,-0.00207,-0.0054,-0.05372
AF0000,Kore,0.006946,-0.42466,-0.06161,-0.04866,0.144941,0.051729,-0.00399,-0.01204,-0.02089,-0.02128,0.060784,0.007039,-0.00718,0.000235,0.012477,0.008861,-0.00141,0.007591,0.007295,-0.00383,-0.00488,-0.02781,-0.00903,-0.00385,-0.05167
9B0000,Wovian,0.007294,-0.42461,-0.06162,-0.04902,0.144447,0.051978,-0.00427,-0.01188,-0.02086,-0.02132,0.061071,0.006724,-0.00718,0.000193,0.012543,0.009064,-0.00166,0.00729,0.007407,-0.00384,-0.00536,-0.02794,-0.00868,-0.00431,-0.05191
870000,Valsang,0.007269,-0.42462,-0.06171,-0.04897,0.144526,0.052062,-0.0043,-0.0119,-0.02083,-0.02131,0.061048,0.006764,-0.00717,0.000268,0.012498,0.009035,-0.00172,0.007378,0.007484,-0.00393,-0.0053,-0.02796,-0.00872,-0.00434,-0.05201
D10000,Estrel,-0.00369,-0.41392,-0.05376,-0.0455,0.140721,0.029212,-0.00559,-0.01097,-0.02228,-0.02055,0.040647,0.004073,-0.00578,0.000979,0.012475,0.013312,0.000669,0.010743,0.005879,-0.00777,-0.00026,-0.02635,-0.00406,-0.00404,-0.05902
F20000,Algize,-0.00315,-0.41459,-0.05423,-0.04551,0.140281,0.029152,-0.00521,-0.01073,-0.02211,-0.02082,0.040679,0.004053,-0.00566,0.001523,0.013117,0.01405,-0.00013,0.011473,0.005103,-0.0075,0.000269,-0.02673,-0.00439,-0.00348,-0.05821
E00000,Hahuai,-0.00368,-0.41438,-0.05439,-0.04574,0.140307,0.029754,-0.00561,-0.01147,-0.02261,-0.02073,0.040548,0.003997,-0.00588,0.001205,0.012799,0.013676,0.000551,0.011447,0.005885,-0.00779,-0.00016,-0.0261,-0.00425,-0.00342,-0.05899
FF0000,Kateculuan,-0.00318,-0.41461,-0.0543,-0.04553,0.140723,0.029541,-0.00498,-0.01146,-0.02252,-0.0211,0.040292,0.003158,-0.00554,0.001168,0.012858,0.0134,0.000523,0.010681,0.00504,-0.00738,0.000223,-0.02658,-0.00365,-0.00358,-0.05842
E10000,Seifegasque,-0.00354,-0.41467,-0.05439,-0.04599,0.140305,0.029166,-0.00481,-0.01128,-0.02289,-0.02126,0.040601,0.004004,-0.00606,0.000881,0.013227,0.013226,0.000195,0.011249,0.005878,-0.00764,0.000471,-0.02645,-0.00386,-0.00356,-0.05838
AF0000,Alecton,0.016742,-0.30289,-0.0506,-0.05049,0.112921,0.019707,-0.00432,-0.00875,-0.01659,-0.01344,0.035729,0.003053,-0.00497,0.001751,0.011314,0.007239,-0.00117,0.008974,0.00337,-0.00801,-0.00105,-0.02041,-0.00279,-0.00425,-0.04541
001FD3,Owlian,0.014462,-0.33037,-0.03709,-0.04925,0.092062,0.01164,-0.00317,-0.0066,-0.0142,-0.01226,0.025701,0.002195,-0.00189,0.000843,0.008221,0.010796,-0.00016,0.009055,0.004326,-0.00423,-0.00151,-0.01944,-0.00681,-0.00341,-0.04099
0023EA,Koeman,0.014472,-0.33032,-0.03714,-0.0493,0.092155,0.011604,-0.0032,-0.00661,-0.01429,-0.01217,0.025778,0.002242,-0.00186,0.000859,0.008277,0.010739,-0.00019,0.009002,0.004277,-0.00424,-0.0016,-0.01944,-0.00684,-0.00341,-0.04096
0021E0,Prodavan,0.014524,-0.33041,-0.03708,-0.04923,0.091994,0.011628,-0.0032,-0.00669,-0.01424,-0.01224,0.025728,0.0021,-0.00198,0.000934,0.008263,0.01088,-0.00011,0.009069,0.004403,-0.0042,-0.00152,-0.0194,-0.00689,-0.00337,-0.041
001BB7,Basile,0.0315,-0.26073,-0.02375,-0.03714,0.083626,0.011772,-0.0018,-0.0046,-0.01179,-0.0113,0.021673,0.001508,-0.0009,0.002635,0.005993,0.008846,0.00028,0.007588,0.003949,-0.00371,-0.00206,-0.01689,-0.00513,-0.00307,-0.03481
00467F,Lanuitan,0.031302,-0.41738,0.078064,-0.02842,-0.06032,-0.03737,0.010811,0.019038,0.006749,0.013121,-0.03378,0.001124,0.000892,-0.00358,-0.0057,-0.00139,0.003325,0.000444,-0.00075,0.010005,-0.00967,-0.0039,-0.01966,-0.00958,0.006107
004E89,Sloven,0.03187,-0.41738,0.078818,-0.03069,-0.0637,-0.03319,0.012691,0.008077,0.003681,0.012028,-0.02826,-0.00045,-0.0003,-0.00592,0.000679,-0.00358,-0.0013,-0.00101,0.00264,0.013757,-0.01323,-0.00693,-0.01282,-0.00904,0.00012
005BA5,Sarconian,0.026306,-0.42596,0.07094,-0.02857,-0.0596,-0.03895,0.011985,0.017897,0.011203,0.016745,-0.04078,-0.00268,0.000529,0.001422,-0.00053,-0.00085,-0.00155,-0.00163,0.001271,0.018217,-0.02182,0.00213,-0.01746,-0.00525,0.004351
0062B2,Espeti,0.025041,-0.43905,0.068133,-0.03607,-0.05457,-0.03802,0.009635,0.014769,0.012067,0.015672,-0.04855,-0.00155,0.005005,-0.00339,-0.00253,-0.00044,-0.00057,0.000253,0.001802,0.018009,-0.02932,0.00812,-0.02025,-0.00594,0.005389
005499,Tavan,0.031302,-0.41738,0.078064,-0.02842,-0.06032,-0.03737,0.010811,0.019038,0.006749,0.013121,-0.03378,0.001124,0.000892,-0.00358,-0.0057,-0.00139,0.003325,0.000444,-0.00075,0.010005,-0.00967,-0.0039,-0.01966,-0.00958,0.006107
A35489,Urjof,0.080046,-0.15178,0.040311,-0.00081,0.044339,0.018359,0.004645,0.004946,0.000432,0.000961,-0.04096,-0.00449,0.002137,-0.00285,0.007976,-0.00106,-0.01063,0.001024,0.002517,-0.00084,0.008283,0.011101,0.003754,0.005765,-0.00244
C0B42E,Hermian,0.133309,0.138071,0.063748,0.049729,0.040161,0.016348,0.002077,0.007219,0.011077,0.000208,-0.00609,-2.96E-05,-0.00659,0.001748,0.019237,-0.00227,-0.01994,0.002767,0.010174,0.003842,0.006666,0.010846,-0.00417,0.008551,-0.00587
6765CE,Venmous,0.133039,0.137914,0.063556,0.050127,0.040028,0.017222,0.001356,0.007644,0.011861,-0.00053,-0.00559,-2.34E-05,-0.0064,0.001592,0.018809,-0.00308,-0.01921,0.002517,0.010778,0.003024,0.007176,0.009988,-0.00415,0.007771,-0.00658
B4B4B4,Xao,0.025709,-0.43952,0.011781,-0.06009,0.047351,0.017593,0.006716,0.001829,-0.01001,0.005103,-0.0748,-0.00848,0.010278,-0.00796,-0.0067,-0.00041,0.001012,-0.00053,-0.00531,-0.00689,0.008694,0.010573,0.012228,0.002445,0.001395
878787,Xan,0.025752,-0.4396,0.011691,-0.06012,0.047355,0.01757,0.006639,0.001846,-0.0101,0.005194,-0.07474,-0.00839,0.010276,-0.00793,-0.00675,-0.00046,0.001076,-0.00044,-0.00531,-0.00697,0.00875,0.010588,0.012309,0.00244,0.001422
6C6C6C,Shin,0.025781,-0.43964,0.011608,-0.06009,0.04744,0.017475,0.006706,0.001815,-0.01018,0.005202,-0.07478,-0.00838,0.01037,-0.00791,-0.00671,-0.00053,0.001027,-0.00049,-0.00527,-0.00693,0.008704,0.010579,0.012316,0.002372,0.001346
627CAD,Yrat,0.041947,-0.37482,0.086948,0.013057,-0.0783,-0.03107,-0.06242,-0.07182,0.001442,-0.00638,0.002253,-0.00473,0.007555,-0.0142,-0.02615,-0.01229,-0.00348,0.010662,0.02782,0.010233,0.026302,-0.04204,0.011155,0.01943,0.019522
718FC8,Kerrag,0.041697,-0.37524,0.086934,0.012972,-0.07806,-0.03149,-0.06194,-0.07213,0.001682,-0.00629,0.002041,-0.00477,0.00777,-0.01384,-0.02579,-0.01211,-0.0038,0.010652,0.027423,0.010506,0.025984,-0.04195,0.011152,0.019206,0.020008
8E2B29,Sonder,0.059073,-0.28847,0.111746,0.044322,-0.0962,-0.03354,-0.08871,-0.10302,0.006111,-0.0104,0.024459,-0.00329,0.006869,-0.01669,-0.02464,-0.01101,-0.00144,0.012203,0.031118,0.01652,0.025114,-0.04201,0.007979,0.024673,0.50068
C13A38,Medwed,0.058614,-0.28838,0.111968,0.044453,-0.09619,-0.03385,-0.08902,-0.10271,0.006517,-0.01031,0.024327,-0.00299,0.006506,-0.01656,-0.0247,-0.01072,-0.00104,0.01255,0.031039,0.017011,0.025458,-0.0419,0.008349,0.024426,0.500775
D84141,Thanetian,0.059139,-0.2888,0.111777,0.044416,-0.0964,-0.03307,-0.08896,-0.10346,0.005979,-0.01056,0.024442,-0.00358,0.007265,-0.01654,-0.0248,-0.01093,-0.00178,0.012298,0.030768,0.016799,0.025544,-0.04211,0.008288,0.024269,0.500247
4F59CC,Nore,0.047806,-0.36864,0.118164,0.040591,-0.12341,-0.04407,-0.10223,-0.118,0.006817,-0.01075,0.029446,-0.00455,0.007136,-0.01908,-0.03633,-0.01865,-0.00422,0.017103,0.036871,0.019759,0.028325,-0.04967,0.006861,0.028639,0.036164
1DC69F,Edva,0.045529,-0.37372,0.11917,0.036015,-0.12233,-0.04358,-0.09318,-0.10402,0.007823,-0.01444,0.0313,-0.00427,0.012525,-0.01975,-0.03115,-0.01289,-0.00502,0.022836,0.037332,0.024512,0.033035,-0.05172,0.006162,0.025787,0.04287
1BBB97,Joklan,0.046229,-0.36356,0.120562,0.044376,-0.12009,-0.04241,-0.10525,-0.12221,0.006261,-0.01323,0.029617,-0.00487,0.010303,-0.01781,-0.03263,-0.01358,0.00013,0.013634,0.035959,0.018913,0.028498,-0.05002,0.009964,0.026593,0.041977
1AAD8B,Flube,0.046895,-0.36945,0.117209,0.038825,-0.11947,-0.04669,-0.091,-0.10338,0.005604,-0.01148,0.030464,-0.00444,0.006868,-0.01742,-0.03428,-0.01647,-0.00409,0.013302,0.038288,0.018359,0.030022,-0.05451,0.014543,0.027064,0.041841